Name,Designation,Image,Details Link
Dr.  Amanullah  Khan,Consultant Spinal and Neurosurgery,https://apiv1.lnh.edu.pk///api/Provider/Image/180/c3eb2bfb-5cc5-4e6b-aecf-192afa8a288c.jpg,https://www.lnh.edu.pk/doctors/detail/Amanullah-Khan
Dr. Abdul Ahad,Assistant Professor Paediatric Medicine,https://apiv1.lnh.edu.pk///api/Provider/Image/180/1587e4cb-0e7a-4039-a41f-ab60acc1950e.jpg,https://www.lnh.edu.pk/doctors/detail/Abdul-Ahad
Prof. Dr. Abdul Hameed Siddiqui,Professor Ophthalmology,https://apiv1.lnh.edu.pk///api/Provider/Image/180/a6084d62-d585-4e69-a6f3-745c116bfeb1.jpg,https://www.lnh.edu.pk/doctors/detail/Abdul-Hameed-Siddiqui
Dr. Abeer Sarfaraz,Assistant Professor Cardiology,https://apiv1.lnh.edu.pk///api/Provider/Image/180/eb6d9282-7119-41a4-b8ed-984d78dcda68.jpg,https://www.lnh.edu.pk/doctors/detail/Abeer-Sarfaraz
Dr. Adnan Munir Khawaja,Consultant (Part-Time) Urology,https://apiv1.lnh.edu.pk///api/Provider/Image/180/21d21381-7beb-4f26-9a5c-44b51dc68d3d.jpg,https://www.lnh.edu.pk/doctors/detail/Adnan-Munir-Khawaja
Dr. Afaq Saleem Siddiqui,Assistant Professor Plastic and Reconstructive Surgery,https://apiv1.lnh.edu.pk///api/Provider/Image/180/3bbc1a3a-f591-47eb-8e1c-90335bfd3f24.jpg,https://www.lnh.edu.pk/doctors/detail/Afaq-Saleem-Siddiqui
Dr. Afifa  Afsar,Senior Registrar Spinal and Neurosurgery,/BlueTheme/images/doctors/female.jpg,https://www.lnh.edu.pk/doctors/detail/Afifa-Afsar
Dr. Agha Ghulam Mustafa,Assistant Professor Urology,https://apiv1.lnh.edu.pk///api/Provider/Image/180/33df8ff1-4d0a-4136-a76d-6b8579fba97d.jpg,https://www.lnh.edu.pk/doctors/detail/Agha-Ghulam-Mustafa
Dr. Ahmad Nawaz,"Head of Department,  Associate Professor E.N.T-Head And Neck Surgery",https://apiv1.lnh.edu.pk///api/Provider/Image/180/81ca369a-968e-428e-bb0a-ae1eab8a0e2c.jpg,https://www.lnh.edu.pk/doctors/detail/Ahmed-Nawaz
Dr. Ahmed Irfan,Consultant Spinal and Neurosurgery,https://apiv1.lnh.edu.pk///api/Provider/Image/180/d212ca46-ca96-4c0b-81a5-e836cf133ef0.jpg,https://www.lnh.edu.pk/doctors/detail/Ahmed-Irfan
Mr. Ahmer Zuberi,Clinical Psychologist Mental Health,https://apiv1.lnh.edu.pk///api/Provider/Image/180/bece0c7c-f3d2-4334-9226-5e82b86a11cd.jpg,https://www.lnh.edu.pk/doctors/detail/Ahmer-Zuberi
Dr. Aiman Majid,Consultant Oncology,/BlueTheme/images/doctors/female.jpg,https://www.lnh.edu.pk/doctors/detail/e6a459bd-985c-4fc1-a306-6e6183ce04cc
Dr. Aisha Taj,"Head of Department,  Assistant Professor & Laparoscopy Surgeon Obstetrics and Gynaecology",https://apiv1.lnh.edu.pk///api/Provider/Image/180/657f63d6-e59d-4db9-b617-151a5e75ec95.jpg,https://www.lnh.edu.pk/doctors/detail/Aisha-Taj
Dr. Aisha Majid,Specialist Dental & Maxilofacial Surgery,https://apiv1.lnh.edu.pk///api/Provider/Image/180/789cab36-77d6-49c9-82ab-14acd557d4e1.jpg,https://www.lnh.edu.pk/doctors/detail/Aisha-Majid
Dr. Ali Asghar,"Assistant Professor Diabetes, Endocrinology and Metabolism",https://apiv1.lnh.edu.pk///api/Provider/Image/180/d04a501d-50b3-4bea-996e-73a9d769c5a1.jpg,https://www.lnh.edu.pk/doctors/detail/Ali-Asghar
Dr. Ali Asgher,Assistant Professor Anaesthesiology,https://apiv1.lnh.edu.pk///api/Provider/Image/180/f28813a8-5388-4206-ae64-ad4d0ccf7cea.jpg,https://www.lnh.edu.pk/doctors/detail/Ali-Asgher
Dr. Ali Raza,Consultant Urology,https://apiv1.lnh.edu.pk///api/Provider/Image/180/40f4abd8-0ed9-4f4b-99d6-c14eed96ba0a.jpg,https://www.lnh.edu.pk/doctors/detail/Ali-Raza
Dr. Amir Riaz,Assistant Professor Rheumatology,https://apiv1.lnh.edu.pk///api/Provider/Image/180/4616e801-a211-419a-bed2-47658e5c65c1.jpg,https://www.lnh.edu.pk/doctors/detail/Amir-Riaz
Dr. Amir Yousuf,Consultant Neonatologist Paediatric Medicine,https://apiv1.lnh.edu.pk///api/Provider/Image/180/064edf06-f14f-421d-96de-29c28c5b9a95.jpg,https://www.lnh.edu.pk/doctors/detail/Muhammad-Aamir-Yousuf
Dr. Anila Malik,Consultant General Surgery,/BlueTheme/images/doctors/female.jpg,https://www.lnh.edu.pk/doctors/detail/Anila-Malik
Dr. Aqiba Sarfaraz,"Head of Department, Associate Professor Diabetes, Endocrinology and Metabolism",https://apiv1.lnh.edu.pk///api/Provider/Image/180/333d4cfa-0182-4755-95f7-06deec7ef697.jpg,https://www.lnh.edu.pk/doctors/detail/Aqiba-Sarfaraz
Dr. Aqil Qayoom Khanzada,Consultant Anaesthetist Anaesthesiology,https://apiv1.lnh.edu.pk///api/Provider/Image/180/ac8e1cc9-7c91-44f0-9ebc-ae73f86a0f16.jpg,https://www.lnh.edu.pk/doctors/detail/Aqil-Qayoom-Khanzada
Dr. Arif Iftikhar Mallhi,Assistant Professor Anaesthesiology,https://apiv1.lnh.edu.pk///api/Provider/Image/180/5c847a00-5a4f-450e-b3f8-b311a9b161c1.jpg,https://www.lnh.edu.pk/doctors/detail/Arif-Iftikhar-Mallhi
Dr. Ataur Rehman,"Head of Department,  Associate Professor Ophthalmology",https://apiv1.lnh.edu.pk///api/Provider/Image/180/ec184c93-5d79-4b1f-90a5-1c384f6f2d03.jpg,https://www.lnh.edu.pk/doctors/detail/Ata-Ur-Rehman
Dr. Atif Javed,Consultant Urology,/BlueTheme/images/doctors/male.jpg,https://www.lnh.edu.pk/doctors/detail/Atif-Javed
Dr. Atika Sher,"Deputy, Head of Department , Assistant Professor Paediatric Medicine",https://apiv1.lnh.edu.pk///api/Provider/Image/180/318e3178-591e-4716-b50b-ba1c86c69658.jpg,https://www.lnh.edu.pk/doctors/detail/Atika-Sher
Dr. Ayesha Hina,Consultant Dermatology,https://apiv1.lnh.edu.pk///api/Provider/Image/180/8e043dba-130f-4786-83c5-3e1176cc621f.jpg,https://www.lnh.edu.pk/doctors/detail/Ayesha-Hina
Dr. Ayisha Kanwal,Consultant (Part Time) General Surgery,https://apiv1.lnh.edu.pk///api/Provider/Image/180/5c5d0329-ae6d-49cd-85f8-6e7b22bdf5b1.jpg,https://www.lnh.edu.pk/doctors/detail/Ayisha-Kanwal
Dr. Aziz Abdullah,"Head of Department,  Assistant Professor Urology",https://apiv1.lnh.edu.pk///api/Provider/Image/180/bf060988-24ce-4beb-a4db-d70d0e5d9020.jpg,https://www.lnh.edu.pk/doctors/detail/Aziz-Abdullah
Dr. Aziz Jamal Naqvi,"Consultant , Cardiac Surgeon Cardiac Surgery",/BlueTheme/images/doctors/male.jpg,https://www.lnh.edu.pk/doctors/detail/Aziz-Jamal-Naqvi
Dr. Bakhtawar Dahri,Consultant (Part Time) Obstetrics and Gynaecology,https://apiv1.lnh.edu.pk///api/Provider/Image/180/7973db8d-9e9a-4ef3-9cc8-f25569ffb28b.jpg,https://www.lnh.edu.pk/doctors/detail/Bakhtawar-Dahri
Dr. Baseer Sultan Ahmed,Assistant Professor Gastroenterology,https://apiv1.lnh.edu.pk///api/Provider/Image/180/9fe9acdf-0def-44f8-8bad-a51abd2e4ff1.jpg,https://www.lnh.edu.pk/doctors/detail/Baseer-Sultan-Ahmed
Dr. Batool Zehra,Assistant Professor General Surgery,https://apiv1.lnh.edu.pk///api/Provider/Image/180/8c7cf546-cb56-4dc7-99fc-65d9247172b5.jpg,https://www.lnh.edu.pk/doctors/detail/Batool-Zehra
Dr. Brig. Mubushra Samina,Consultant Obstetrics and Gynaecology,https://apiv1.lnh.edu.pk///api/Provider/Image/180/99d2ab05-cda7-4173-8a95-88e65a4f3a83.jpg,https://www.lnh.edu.pk/doctors/detail/Brig-Mubushra-Samina
Dr. Dietitian .,Dietitian Nutrition & Food Services,/BlueTheme/images/doctors/female.jpg,https://www.lnh.edu.pk/doctors/detail/332489ee-8521-41cc-94c1-0b8911055b81
Dr. Effat Hisamuddin,Assistant Professor Paediatric Medicine,https://apiv1.lnh.edu.pk///api/Provider/Image/180/19b0ef24-ca3c-4a1b-8344-e57b9208b9bc.jpg,https://www.lnh.edu.pk/doctors/detail/EffatHisamuddin
Dr. Eraj Fatima,"Specialist, Family Medicine Family Medicine",https://apiv1.lnh.edu.pk///api/Provider/Image/180/36596b33-ac12-4a54-b8ce-87db1b3431aa.jpg,https://www.lnh.edu.pk/doctors/detail/Eraj-Fatima
Dr. Fahad Nasim,Assistant Professor Nephrology,https://apiv1.lnh.edu.pk///api/Provider/Image/180/41f829d2-a985-4486-b180-152dc1577394.jpg,https://www.lnh.edu.pk/doctors/detail/Fahad-Nasim
Dr. Fahad Hanif  Khan,Consultant Plastic and Reconstructive Surgery,/BlueTheme/images/doctors/male.jpg,https://www.lnh.edu.pk/doctors/detail/582bd3de-63d0-4fdd-919c-2d81671db451
Dr. Faisal Siddiqi,Head of Department  Associate Professor General Surgery,https://apiv1.lnh.edu.pk///api/Provider/Image/180/1292d4d4-ee68-459a-9700-c7c8d8c7691d.jpg,https://www.lnh.edu.pk/doctors/detail/Faisal-Siddiqui
Dr. Faisal Ahmed,Assistant Professor Cardiology,https://apiv1.lnh.edu.pk///api/Provider/Image/180/8795ac89-e822-4457-947d-fb81829518dc.jpg,https://www.lnh.edu.pk/doctors/detail/Faisal-Ahmed
Dr. Falak Abro,Assistant Professor Paediatric Medicine,https://apiv1.lnh.edu.pk///api/Provider/Image/180/349b11ea-bbad-427c-ad2a-47e2a5a68451.jpg,https://www.lnh.edu.pk/doctors/detail/Falak-Abro
Dr. Falak Shahab,Senior Registrar II Oncology,/BlueTheme/images/doctors/female.jpg,https://www.lnh.edu.pk/doctors/detail/51b5c038-5d8d-42c7-86e9-4139a64a9aa8
Dr. Farhan Gulzar,Consultant (Part time) Spinal and Neurosurgery,https://apiv1.lnh.edu.pk///api/Provider/Image/180/626b12ce-d0cf-4cb0-b0c6-091f561870d3.jpg,https://www.lnh.edu.pk/doctors/detail/Farhan-Gulzar
Dr. Farida Jan,"Consultant , Assistant Professor Paediatric Medicine",https://apiv1.lnh.edu.pk///api/Provider/Image/180/be8dd28d-64b8-4a8b-a315-1dbb40382702.jpg,https://www.lnh.edu.pk/doctors/detail/Farida-Jan
Dr. Farrukh Ahmed,"Specialist, Family Medicine Family Medicine",https://apiv1.lnh.edu.pk///api/Provider/Image/180/a388b85e-0b0f-4ecf-9237-6fe81b2b7baf.jpg,https://www.lnh.edu.pk/doctors/detail/Farrukh-Ahmed
Dr. Farzana Adnan,Assistant Professor Nephrology,https://apiv1.lnh.edu.pk///api/Provider/Image/180/d85e5219-5ce2-45de-bc0c-e2ed91e8b041.jpg,https://www.lnh.edu.pk/doctors/detail/Farzana-Adnan
Dr. Feroza Saleem,Assistant Professor Neurology,/BlueTheme/images/doctors/female.jpg,https://www.lnh.edu.pk/doctors/detail/Feroza-Saleem
Dr. Hafeez Ahmed,"Head of Department, Associate Professor Cardiology",https://apiv1.lnh.edu.pk///api/Provider/Image/180/f88297a8-bfa0-41f8-8326-a6ce5b7f5c35.jpg,https://www.lnh.edu.pk/doctors/detail/Hafeez-Ahmed
Prof. Dr. Haleema Hashmi,"Consultant , Professor Obstetrics and Gynaecology",https://apiv1.lnh.edu.pk///api/Provider/Image/180/1b963c64-9413-466a-9e5f-ac316a624e01.jpg,https://www.lnh.edu.pk/doctors/detail/Haleema-Hashmi
Dr. Hamza Afroze Alam,Consultant (Part-Time) Rheumatology,https://apiv1.lnh.edu.pk///api/Provider/Image/180/a37e832d-533d-417c-8b23-fe9543bbeabd.jpg,https://www.lnh.edu.pk/doctors/detail/Hamza-Afroze-Alam
Dr. Hazim M. Yousuf Brohi,Associate Professor Neurology,/BlueTheme/images/doctors/male.jpg,https://www.lnh.edu.pk/doctors/detail/Hazim-Brohi
Dr. Hina Yousuf,"Head of Department,  Assistant Professor Paediatric Surgery",https://apiv1.lnh.edu.pk///api/Provider/Image/180/1fd4aa40-297a-428c-975b-c05a5165d331.jpg,https://www.lnh.edu.pk/doctors/detail/Hina-Yousuf
Dr. Hira Khan Afridi,Assistant Professor Oncology,https://apiv1.lnh.edu.pk///api/Provider/Image/180/5be535e0-87a8-4638-a51f-6ccecf083319.jpg,https://www.lnh.edu.pk/doctors/detail/Hira-Khan-Afridi
Dr. Ifrah  Uroos,Consultant Cardiologist & Electrophysiologist Cardiology,https://apiv1.lnh.edu.pk///api/Provider/Image/180/3871f670-dcbe-4ca1-b49f-8602217f2553.jpg,https://www.lnh.edu.pk/doctors/detail/Ifrah-Uroos
Prof. Dr. Imran Ghayoor,Professor Ophthalmology,/BlueTheme/images/doctors/male.jpg,https://www.lnh.edu.pk/doctors/detail/Imran-Ghayoor
Dr. Imran Khan Sandeelo,Assistant Professor Cardiology,https://apiv1.lnh.edu.pk///api/Provider/Image/180/d4920edc-9751-44e9-8ad2-d9b241cdb003.jpg,https://www.lnh.edu.pk/doctors/detail/Imran-Khan-Sandeelo
Prof. Dr. Intikhab Taufiq,Professor Orthopaedic  Surgery,https://apiv1.lnh.edu.pk///api/Provider/Image/180/75cec1af-c019-415a-bda5-6a3d71a4d4b3.jpg,https://www.lnh.edu.pk/doctors/detail/Intikhab-Taufiq
Dr. Iqbal Shahzad,Assistant Professor Urology,https://apiv1.lnh.edu.pk///api/Provider/Image/180/6115bb25-2343-471d-9373-f7b0161863a8.jpg,https://www.lnh.edu.pk/doctors/detail/Iqbal-Shahzad
Dr. Iqbal Hussain Pathan,Consultant Paediatric Cardiac Surgeon Cardiac Surgery,https://apiv1.lnh.edu.pk///api/Provider/Image/180/f179145b-4279-473b-b818-734b9e6e70aa.jpg,https://www.lnh.edu.pk/doctors/detail/Iqbal-Hussain-Pathan
Dr. Iqtidar Taufiq,Associate Professor Mental Health,https://apiv1.lnh.edu.pk///api/Provider/Image/180/e75a728f-abc8-4ed0-8e47-3d19f6389973.jpg,https://www.lnh.edu.pk/doctors/detail/Iqtidar-Taufiq
Dr. Ishrat Saleem,Assistant Professor Urology,https://apiv1.lnh.edu.pk///api/Provider/Image/180/35863857-0fc5-4440-9230-de2a9ed5479a.jpg,https://www.lnh.edu.pk/doctors/detail/Ishrat-Saleem
Dr. Jawed Ahmed Memon,Consultant Thoracic Surgery,https://apiv1.lnh.edu.pk///api/Provider/Image/180/d01d1862-835c-4f05-98c4-97ee4e8cdf60.jpg,https://www.lnh.edu.pk/doctors/detail/Jawed-Ahmed-Memon
Dr. Kaleem Ullah Shaikh,Assistant Professor Cardiology,https://apiv1.lnh.edu.pk///api/Provider/Image/180/d25c30f5-a754-4ab1-a1fe-9e69b5142ddf.jpg,https://www.lnh.edu.pk/doctors/detail/Kaleemullah-Shaikh
Prof. Dr. Kamal Ahmed,Professor Internal Medicine,https://apiv1.lnh.edu.pk///api/Provider/Image/180/6516d641-cc9a-45c3-8160-0bbaf492dc9a.jpg,https://www.lnh.edu.pk/doctors/detail/Kamal-Ahmed
Prof. Dr. Kamal Muhammad Yousuf,Head of  Department Vascular Surgery,https://apiv1.lnh.edu.pk///api/Provider/Image/180/bda0353f-6d80-4bb9-ba53-5f79162fdb0c.jpg,https://www.lnh.edu.pk/doctors/detail/Kamal-Muhammad-Yousuf
Prof. Dr. Kaniz Zehra Naqvi,Professor Obstetrics and Gynaecology,https://apiv1.lnh.edu.pk///api/Provider/Image/180/1bd7e94f-f6cc-4c06-adce-ef4f5480ba72.jpg,https://www.lnh.edu.pk/doctors/detail/Kaniz-Zehra-Naqvi
Prof. Dr. Karim Ullah Makki,Head of Department Internal Medicine,https://apiv1.lnh.edu.pk///api/Provider/Image/180/b1b528fd-3102-4acf-bc1a-d31fb79dca53.jpg,https://www.lnh.edu.pk/doctors/detail/Karim-Ullah-Makki
Dr. Kashif Abbas,Associate Professor Paediatric Medicine,https://apiv1.lnh.edu.pk///api/Provider/Image/180/53ea9535-53e8-4e92-a125-a86bbcb27d0c.jpg,https://www.lnh.edu.pk/doctors/detail/Kashif-Abbas
Dr. Khalid  Mehmood,Visiting Consultant -LASIK Ophthalmology,https://apiv1.lnh.edu.pk///api/Provider/Image/180/04a55c53-e1bf-41ca-8c41-b9c6c87fb738.jpg,https://www.lnh.edu.pk/doctors/detail/Khalid-Mehmood
Dr. Khalid Ahmed Bhambha,Specialist Ophthalmology,https://apiv1.lnh.edu.pk///api/Provider/Image/180/d1950fa8-5527-457d-8d03-abde4498ee59.jpg,https://www.lnh.edu.pk/doctors/detail/Khalid-Ahmed-Bhambha
Prof. Dr. Kunwar Naveed Mukhtar,Head of Department Nephrology,https://apiv1.lnh.edu.pk///api/Provider/Image/180/953fff31-703b-4cb2-b54f-d0a1295f2066.jpg,https://www.lnh.edu.pk/doctors/detail/Kunwar-Naveed-Mukhtar
Prof. Dr. Lubna Kamani,Professor Gastroenterology,https://apiv1.lnh.edu.pk///api/Provider/Image/180/7005ff03-f9f6-4b1c-a9ec-0980d43c2864.jpg,https://www.lnh.edu.pk/doctors/detail/Lubna-Kamani
Dr. Lubna Nazir,Assistant Professor Rheumatology,https://apiv1.lnh.edu.pk///api/Provider/Image/180/77f2722f-4c36-4fb9-b7cc-f62ddbf89a96.jpg,https://www.lnh.edu.pk/doctors/detail/Lubna-Nazir
Dr. M. Adeel  Qamar,Cardiology,https://apiv1.lnh.edu.pk///api/Provider/Image/180/6dabe1b5-0028-4cde-95e8-45ef6f5cc228.jpg,https://www.lnh.edu.pk/doctors/detail/M-Adeel-Qamar
Dr. Mabroor Ahmed Bhatti,Consultant Plastic and Reconstructive Surgery,https://apiv1.lnh.edu.pk///api/Provider/Image/180/467f14ee-bd13-404d-9b67-22efdf45d2af.jpg,https://www.lnh.edu.pk/doctors/detail/Mabroor-Ahmed-Bhatti
Prof. Dr. Mansoor Ul Haq,Head of Department Gastroenterology,/BlueTheme/images/doctors/male.jpg,https://www.lnh.edu.pk/doctors/detail/Mansoor-Ul-Haq
Dr. Manzar Hussain,Associate Professor Spinal and Neurosurgery,https://apiv1.lnh.edu.pk///api/Provider/Image/180/0659624d-46bb-4d66-bb4d-9e8281bca9fc.jpg,https://www.lnh.edu.pk/doctors/detail/Manzar-Hussain
Dr. Maria Jabeen,Assistant Professor Obstetrics and Gynaecology,https://apiv1.lnh.edu.pk///api/Provider/Image/180/bb81201d-b9db-41b3-9efb-dd48b645390b.jpg,https://www.lnh.edu.pk/doctors/detail/Maria-Jabeen
Dr. Marium Ahmed,Family Physician Family Medicine,/BlueTheme/images/doctors/female.jpg,https://www.lnh.edu.pk/doctors/detail/Marium-Ahmed
Prof. Dr. Mehnaz Atiq Ahmed,Head of  Department Paediatric Medicine,https://apiv1.lnh.edu.pk///api/Provider/Image/180/56d5692f-6276-464b-ba86-f57448cae3bc.jpg,https://www.lnh.edu.pk/doctors/detail/Mehnaz-Atiq
Dr. Mehreen Umair,Consultant Chest Medicine,https://apiv1.lnh.edu.pk///api/Provider/Image/180/0e0c7170-41a9-4bc1-bcdc-3409838f6185.jpg,https://www.lnh.edu.pk/doctors/detail/Mehreen-Umair
Dr. Mehtab  Hussain,Assistant Professor Paediatric Medicine,https://apiv1.lnh.edu.pk///api/Provider/Image/180/1e27e503-3dce-4bc8-b69a-cd6d3698adbb.jpg,https://www.lnh.edu.pk/doctors/detail/Mehtab-Hussain
Prof. Dr. Mervyn Moin Hosien,Maxillofacial surgeon Dental & Maxilofacial Surgery,https://apiv1.lnh.edu.pk///api/Provider/Image/180/60290de3-a70d-4b7c-8ad9-ed6a71336522.jpg,https://www.lnh.edu.pk/doctors/detail/Mervyn-Moin-Hosien
Dr. Miray Hassan,Assistant Professor Internal Medicine,https://apiv1.lnh.edu.pk///api/Provider/Image/180/a402760f-d4d8-48cd-bad1-389ff91be7a6.jpg,https://www.lnh.edu.pk/doctors/detail/Miray-Hassan
Dr. Mirza Arshad Beg,Assistant Professor General Surgery,https://apiv1.lnh.edu.pk///api/Provider/Image/180/67d36f07-8902-49b6-9756-b866cd925e1f.jpg,https://www.lnh.edu.pk/doctors/detail/Mirza-Arshad-Beg
Prof. Dr. Mirza Shehab Afzal Beg,Head of Department Plastic and Reconstructive Surgery,https://apiv1.lnh.edu.pk///api/Provider/Image/180/5412d3b2-ba60-4696-b004-7bbcb0a236a9.jpg,https://www.lnh.edu.pk/doctors/detail/Shahab-Afzal-Beg
Dr. Mohammad Asim,Consultant Urology,https://apiv1.lnh.edu.pk///api/Provider/Image/180/ed472551-9836-4d82-b57c-b1c48eb2e07c.jpg,https://www.lnh.edu.pk/doctors/detail/Mohammad-Asim
Dr. Mohammad Qaiser Aziz Khan,Assistant Professor Cardiac Surgery,https://apiv1.lnh.edu.pk///api/Provider/Image/180/ecf6e751-b317-4f25-9be7-f0380f39de4c.jpg,https://www.lnh.edu.pk/doctors/detail/Qaiser-Aziz-Khan
Prof. Dr. Moiz Sadiq,Professor Plastic and Reconstructive Surgery,https://apiv1.lnh.edu.pk///api/Provider/Image/180/b0e9cf71-0925-4baa-b317-16a130045aa4.jpg,https://www.lnh.edu.pk/doctors/detail/Moiz-Sadiq
Prof. Dr. Muhammad Nadeem Khurshaidi,Professor General Surgery,/BlueTheme/images/doctors/male.jpg,https://www.lnh.edu.pk/doctors/detail/Nadeem-Khurshedi
Prof. Dr. Muhammad Sirajuddin,Professor Anaesthesiology,https://apiv1.lnh.edu.pk///api/Provider/Image/180/90f4c338-f0bd-4f82-b5a7-4d1243799f41.jpg,https://www.lnh.edu.pk/doctors/detail/Muhammad-Sirajuddin
Dr. Muhammad Aamir Saghir,Associate Professor Spinal and Neurosurgery,https://apiv1.lnh.edu.pk///api/Provider/Image/180/3ee951f3-f7c9-425b-a750-af69e11a14fe.jpg,https://www.lnh.edu.pk/doctors/detail/Aamir-Saghir
Dr. Muhammad Imran,Consultant Spinal and Neurosurgery,/BlueTheme/images/doctors/male.jpg,https://www.lnh.edu.pk/doctors/detail/Muhammad-Imran
Dr. Muhammad Sufyan,Assistant Professor Orthopaedic  Surgery,https://apiv1.lnh.edu.pk///api/Provider/Image/180/4a52ccc7-9004-4665-98fa-a2c36374faa3.jpg,https://www.lnh.edu.pk/doctors/detail/Muhammad-Sufyan
Prof. Dr. Muhammad Arshad,Professor Paediatric Surgery,https://apiv1.lnh.edu.pk///api/Provider/Image/180/381b5d6d-9cd1-49db-b302-7a1c062a665c.jpg,https://www.lnh.edu.pk/doctors/detail/Muhammad-Arshad
Prof. Dr. Muhammad Farhan,Consultant Prosthodontist (Part-time) Dental & Maxilofacial Surgery,https://apiv1.lnh.edu.pk///api/Provider/Image/180/5f24df5a-84fc-41e9-a4f7-a6df92cc253b.jpg,https://www.lnh.edu.pk/doctors/detail/Muhammad-Farhan
Dr. Muhammad Rashid,Assistant Professor Urology,https://apiv1.lnh.edu.pk///api/Provider/Image/180/61d8fb45-c088-4af3-a120-49272742f4fb.jpg,https://www.lnh.edu.pk/doctors/detail/Muhammad-Rashid
Dr. Muhammad Rafay,Assistant Professor Spinal and Neurosurgery,https://apiv1.lnh.edu.pk///api/Provider/Image/180/c6f5bb68-792f-46c2-84d1-c7e9a3cf1b57.jpg,https://www.lnh.edu.pk/doctors/detail/Muhammad-Rafay
Dr. Muhammad Arshed,Consultant Anaesthesiology,https://apiv1.lnh.edu.pk///api/Provider/Image/180/5167ec62-3882-4d19-8943-fcc9d0ead46b.jpg,https://www.lnh.edu.pk/doctors/detail/Muhammad-Arshed
Dr. Muhammad Salman Khoso,"Consultant (Part-time),  Paediatric Gastroenterologist Paediatric Medicine",https://apiv1.lnh.edu.pk///api/Provider/Image/180/fa18243a-d8e6-4ff3-a6bb-23f62a96d5ad.jpg,https://www.lnh.edu.pk/doctors/detail/Muhammad-Salman-Khoso
Dr. Muhammad Ali,Consultant (Part time) Urology,https://apiv1.lnh.edu.pk///api/Provider/Image/180/895b3b37-67db-4123-8b3d-9f7732f73a81.jpg,https://www.lnh.edu.pk/doctors/detail/Dr-Muhammad-Ali
Dr. Muhammad Rizwan,Consultant (Part Time) Dermatology,https://apiv1.lnh.edu.pk///api/Provider/Image/180/5b51e443-1d97-47e0-a547-849ded0441a4.jpg,https://www.lnh.edu.pk/doctors/detail/Muhammad-Rizwan
Dr. Muhammad Amim Anwar,Assistant Professor Anaesthesiology,https://apiv1.lnh.edu.pk///api/Provider/Image/180/5e137ed9-6037-47c3-9317-e9db9ebf4304.jpg,https://www.lnh.edu.pk/doctors/detail/Muhammad-Amim-Anwar
Dr. Muhammad Ashfaq Younus,Consultant Orthodontics Dental & Maxilofacial Surgery,https://apiv1.lnh.edu.pk///api/Provider/Image/180/b708e25d-57ea-4e20-a075-027da034e5f3.jpg,https://www.lnh.edu.pk/doctors/detail/Muhammad-Ashfaq-Younus
Dr. Muhammad Asif Peracha,Assistant Professor Orthopaedic  Surgery,https://apiv1.lnh.edu.pk///api/Provider/Image/180/6de19881-1faf-4f9f-a266-084f8ce8e8e7.jpg,https://www.lnh.edu.pk/doctors/detail/Asif-Paracha
Dr. Muhammad Hamza Khan,Consultant Ophthalmology,https://apiv1.lnh.edu.pk///api/Provider/Image/180/aaf93d2a-0ca2-4fc2-9cfa-2e2294f5d6fb.jpg,https://www.lnh.edu.pk/doctors/detail/Muhammad-Hamza-Khan
Dr. Muhammad Imran Khan,Consultant Plastic and Reconstructive Surgery,/BlueTheme/images/doctors/male.jpg,https://www.lnh.edu.pk/doctors/detail/f3093cd3-b2dc-4e19-b69f-c9ca3d0b82a1
Dr. Muhammad Kazim Rahim,Associate Professor Orthopaedic  Surgery,https://apiv1.lnh.edu.pk///api/Provider/Image/180/f5cff77d-34ad-46f9-a253-f4fec3030a01.jpg,https://www.lnh.edu.pk/doctors/detail/Muhammad-Kazim-Rahim
Dr. Muhammad Naeem Khan,"Consultant Diabetes, Endocrinology and Metabolism",https://apiv1.lnh.edu.pk///api/Provider/Image/180/4921f7fd-7a5e-468e-b2ba-0afbb8720d3c.jpg,https://www.lnh.edu.pk/doctors/detail/Muhammad-Naeem-Khan-
Dr. Muhammad Owais Rashid,"Assistant Professor Diabetes, Endocrinology and Metabolism",https://apiv1.lnh.edu.pk///api/Provider/Image/180/b4ef91b1-17c1-419a-835e-74de9df8b953.jpg,https://www.lnh.edu.pk/doctors/detail/Muhammad-Owais-Rashid
Dr. Muhammad Shahab Ghani,Assistant Professor Plastic and Reconstructive Surgery,https://apiv1.lnh.edu.pk///api/Provider/Image/180/7ed0bad3-5305-48d0-b13c-55bf075127ea.jpg,https://www.lnh.edu.pk/doctors/detail/Shahab-Ghani
Dr. Muhammad Yousuf Shaikh,Assistant Professor Spinal and Neurosurgery,https://apiv1.lnh.edu.pk///api/Provider/Image/180/e6c9aab6-af04-4393-93f7-005422f71e97.jpg,https://www.lnh.edu.pk/doctors/detail/Muhammad-Yousuf-Shaikh
Ms. Munazza Haq,Chief Dietitian Nutrition & Food Services,https://apiv1.lnh.edu.pk///api/Provider/Image/180/6b076a00-93b7-4673-9447-b5629cfcc79b.jpg,https://www.lnh.edu.pk/doctors/detail/Munazza-Haq
Prof. Dr. Munira Shakir,Professor Ophthalmology,https://apiv1.lnh.edu.pk///api/Provider/Image/180/ff504871-fc57-4406-84d2-7945a8fe660a.jpg,https://www.lnh.edu.pk/doctors/detail/Munira-Shakir
Dr. Munnawer Anjum,"Specialist, Family Medicine Family Medicine",https://apiv1.lnh.edu.pk///api/Provider/Image/180/5f6ef3b9-c3c4-4ff9-b2e9-194e4d1e4a86.jpg,https://www.lnh.edu.pk/doctors/detail/Munawar-Anjum
Ms. Museera Ashfaq,Diet & Fitness Specialist Health & Fitness,https://apiv1.lnh.edu.pk///api/Provider/Image/180/5b9b9844-3209-4770-868c-a0687ab3c941.jpg,https://www.lnh.edu.pk/doctors/detail/Museera-Ashfaq
Prof. Dr. Naila A. Zahid,Head of Department Oncology,https://apiv1.lnh.edu.pk///api/Provider/Image/180/465ad025-2ba2-4c06-80a8-429892966803.jpg,https://www.lnh.edu.pk/doctors/detail/Naila-Zahid
Dr. Naila Asif,Associate Professor Nephrology,https://apiv1.lnh.edu.pk///api/Provider/Image/180/793e0bb7-a7e3-4f96-af9d-d278330edf2d.jpg,https://www.lnh.edu.pk/doctors/detail/Naila-Asif
Dr. Naila Raza,"Head of Department,  Assistant Professor Hematology",https://apiv1.lnh.edu.pk///api/Provider/Image/180/302265ca-8aea-468f-ab11-936531971a6f.jpg,https://www.lnh.edu.pk/doctors/detail/Naila-Raza
Dr. Najia Aslam Soomro,Assistant Professor Cardiology,https://apiv1.lnh.edu.pk///api/Provider/Image/180/346678d8-d918-432f-ab4d-f3e29b0f9254.jpg,https://www.lnh.edu.pk/doctors/detail/Najia-Aslam-Soomro
Dr. Nasir Ahmed,Assistant Professor Orthopaedic  Surgery,https://apiv1.lnh.edu.pk///api/Provider/Image/180/3487fb23-4c67-47d6-a5a0-5950174c7c9c.jpg,https://www.lnh.edu.pk/doctors/detail/Nasir-Ahmed
Dr. Natasha  Kersi Billia,Assistant Professor Mental Health,https://apiv1.lnh.edu.pk///api/Provider/Image/180/463278ab-f74f-48bd-82b6-a48eff30384e.jpg,https://www.lnh.edu.pk/doctors/detail/Natasha-Kersi-Billia
Dr. Nausheen Haroon Ahmed,Consultant Family Physician Family Medicine,https://apiv1.lnh.edu.pk///api/Provider/Image/180/45b184dc-09ff-476f-8bca-5357f2781587.jpg,https://www.lnh.edu.pk/doctors/detail/Nausheen-Haroon-Ahmed
Dr. Naveed Uddin Ahmed,Assistant Professor Neurology,https://apiv1.lnh.edu.pk///api/Provider/Image/180/9357e45c-79df-4d8e-84a9-742d085412ee.jpg,https://www.lnh.edu.pk/doctors/detail/Naveed-Uddin-Ahmed
Prof. Dr. Nighat Abbas,Professor Anaesthesiology,https://apiv1.lnh.edu.pk///api/Provider/Image/180/b0587c1f-5e1b-4c2e-8ebe-3afc842195e4.jpg,https://www.lnh.edu.pk/doctors/detail/Nighat-Abbas
Dr. Noor E  Sahar,Consultant Family Medicine,/BlueTheme/images/doctors/female.jpg,https://www.lnh.edu.pk/doctors/detail/b0375623-36ac-4bd2-8a2e-159007ea4138
Dr. Obaid Ur Rehman,Assistant Professor Plastic and Reconstructive Surgery,https://apiv1.lnh.edu.pk///api/Provider/Image/180/778f96cd-3dfa-4a72-af85-2fddd003aa80.jpg,https://www.lnh.edu.pk/doctors/detail/Obaid-Ur-Rehman
Dr. Omer Bin Khalid  Jamil,Consultant (Part Time) General Surgery,https://apiv1.lnh.edu.pk///api/Provider/Image/180/64d2269c-311d-4857-a220-d227e5c30279.jpg,https://www.lnh.edu.pk/doctors/detail/Omer-bin-Khalid-Jamil
Dr. Pervez Ashraf,Assistant Professor Gastroenterology,/BlueTheme/images/doctors/male.jpg,https://www.lnh.edu.pk/doctors/detail/Pervez-Ashraf
Prof. Dr. Prem   Chand,Professor Paediatric Medicine,https://apiv1.lnh.edu.pk///api/Provider/Image/180/ca5a819f-57f4-4d56-8d81-69adbe9215aa.jpg,https://www.lnh.edu.pk/doctors/detail/Prem-chand
Dr. Qurat Ul Aman Siddiqui,Associate Professor Obstetrics and Gynaecology,https://apiv1.lnh.edu.pk///api/Provider/Image/180/767294ec-b02e-476c-8cb5-b5fe54407a2e.jpg,https://www.lnh.edu.pk/doctors/detail/Qurat-Ul-Aman-Siddique
Dr. Quratulain Yousuf,Consultant Mental Health,https://apiv1.lnh.edu.pk///api/Provider/Image/180/141ed959-bb59-4926-bea3-2aa642b2fd2c.jpg,https://www.lnh.edu.pk/doctors/detail/Quratulain-Yousuf
Dr. Rabeeya Saeed,"Head of Department, Assistant Professor Family Medicine",https://apiv1.lnh.edu.pk///api/Provider/Image/180/c3ad6a21-f826-4a8b-a45c-f28151c861f3.jpg,https://www.lnh.edu.pk/doctors/detail/Rabeeya-Saeed
Dr. Rabia Niaz,Assistant Professor Breast Surgery,https://apiv1.lnh.edu.pk///api/Provider/Image/180/f753f0d8-d1d2-4bd1-b7aa-5990976c49a1.jpg,https://www.lnh.edu.pk/doctors/detail/Rabia-Niaz
Dr. Rabia Farooqui,Consultant (Part-Time) Obstetrics and Gynaecology,https://apiv1.lnh.edu.pk///api/Provider/Image/180/8006ffdf-96a5-4bba-9267-0f7a65ff7133.jpg,https://www.lnh.edu.pk/doctors/detail/Rabia-Farooqui
Dr. Rabia Gilani,Consultant Vascular Surgery,https://apiv1.lnh.edu.pk///api/Provider/Image/180/b168c777-41a8-4712-9546-93ce87af563f.jpg,https://www.lnh.edu.pk/doctors/detail/Rabia-Gilani
Dr. Rajesh Kumar,Assistant Professor Neurology,https://apiv1.lnh.edu.pk///api/Provider/Image/180/a4393881-f38b-436d-90ba-a92f1cd8d652.jpg,https://www.lnh.edu.pk/doctors/detail/Rajesh-Kumar
Dr. Rajesh Kumar Wadhwa,Assistant Professor Gastroenterology,https://apiv1.lnh.edu.pk///api/Provider/Image/180/077b5807-652c-47fc-b185-7b17939b55fb.jpg,https://www.lnh.edu.pk/doctors/detail/Rajesh-Kumar-Wadhwa
Dr. Raman Kumar,Assistant Professor & Paediatric Neurologist Paediatric Medicine,https://apiv1.lnh.edu.pk///api/Provider/Image/180/ac52616c-6bbd-4609-9f52-d1ea9c36da4c.jpg,https://www.lnh.edu.pk/doctors/detail/Raman-Kumar
Dr. Ramla  Moughal,Consultant (Part Time) Dermatology,/BlueTheme/images/doctors/female.jpg,https://www.lnh.edu.pk/doctors/detail/2607c5d9-dd3f-4b0f-b8f6-0b6b095a2cce
Prof. Rufina Soomro,Professor Breast Surgery,https://apiv1.lnh.edu.pk///api/Provider/Image/180/5e3fe004-367b-453d-9449-e82306fad87b.jpg,https://www.lnh.edu.pk/doctors/detail/Rufina-Soomro
Dr. S M Sajid Ali,Consultant Urology,https://apiv1.lnh.edu.pk///api/Provider/Image/180/fd6d721c-46ef-477d-8d7c-3c2b37cee84d.jpg,https://www.lnh.edu.pk/doctors/detail/S-M-Sajid-Ali
Dr. S.M. Nadeem Naqvi,Associate Professor Anaesthesiology,https://apiv1.lnh.edu.pk///api/Provider/Image/180/3dfc1f03-9ad2-4c94-a656-767b8af6c630.jpg,https://www.lnh.edu.pk/doctors/detail/S-M-Nadeem-Naqvi
Dr. Saad Akhter Khan,Assistant Professor Spinal and Neurosurgery,https://apiv1.lnh.edu.pk///api/Provider/Image/180/fd7464e1-ecbc-48c8-ada4-398b4e943986.jpg,https://www.lnh.edu.pk/doctors/detail/Saad-Akhter-Khan
Dr. Saba Zaidi,Assistant Professor Neurology,/BlueTheme/images/doctors/female.jpg,https://www.lnh.edu.pk/doctors/detail/Saba-Zaidi
Dr. Sabahat Tariq,Assistant Professor Anaesthesiology,https://apiv1.lnh.edu.pk///api/Provider/Image/180/10a3b39b-25a8-424e-ba74-085b892d8cef.jpg,https://www.lnh.edu.pk/doctors/detail/Sabahat-Tariq
Dr. Sabeen Nadeem,"Specialist, Family Medicine Family Medicine",https://apiv1.lnh.edu.pk///api/Provider/Image/180/f6796a3b-4329-4436-b388-f35225c1a005.jpg,https://www.lnh.edu.pk/doctors/detail/Sabeen-Nadeem
Dr. Sabiha Rizwan,Assistant Professor& Consultant Breast Surgeon Breast Surgery,https://apiv1.lnh.edu.pk///api/Provider/Image/180/a76892d7-3140-4e2e-b85d-388e9da8379b.jpg,https://www.lnh.edu.pk/doctors/detail/Sabiha-Rizwan
Ms. Sadia Siddiq,Audiologist E.N.T-Head And Neck Surgery,/BlueTheme/images/doctors/female.jpg,https://www.lnh.edu.pk/doctors/detail/Sadia-Siddiq
Ms. Sadia Hamid,Sr. Clinical Psychologist Mental Health,https://apiv1.lnh.edu.pk///api/Provider/Image/180/f7942b86-2a17-45a6-ae5b-356d6d2a6274.jpg,https://www.lnh.edu.pk/doctors/detail/Sadia-Hamid
Dr. Saeed Akhtar,Assistant Professor E.N.T-Head And Neck Surgery,https://apiv1.lnh.edu.pk///api/Provider/Image/180/7bd09304-5585-4036-b4e9-322c1166a609.jpg,https://www.lnh.edu.pk/doctors/detail/Saeed-Akhtar
Dr. Sajjad Jamil,Associate Professor Gastroenterology,https://apiv1.lnh.edu.pk///api/Provider/Image/180/bc073eb8-3b19-4b61-9679-fe82c1454aee.jpg,https://www.lnh.edu.pk/doctors/detail/Sajjad-Jamil
Dr. Salma Batool Naqvi,Associate Professor Obstetrics and Gynaecology,https://apiv1.lnh.edu.pk///api/Provider/Image/180/c74f4030-8f6b-455b-b2a6-30fc9b524117.jpg,https://www.lnh.edu.pk/doctors/detail/Salma-Batool-Naqvi
Prof. Dr. Salman Faridi,Professor General Surgery,/BlueTheme/images/doctors/male.jpg,https://www.lnh.edu.pk/doctors/detail/Salman-Faridi
Prof. Dr. Salman Yousuf Sharif,Head of Department Spinal and Neurosurgery,https://apiv1.lnh.edu.pk///api/Provider/Image/180/6c0f50ea-78f1-40b2-bbde-384b31e2c857.jpg,https://www.lnh.edu.pk/doctors/detail/Salman-Yousuf-Sharif
Dr. Samar Abbas Jaffri,Associate Professor Internal Medicine,https://apiv1.lnh.edu.pk///api/Provider/Image/180/28799656-5365-4833-8294-1136f28954f9.jpg,https://www.lnh.edu.pk/doctors/detail/Samar-Abbas-Jaffri
Prof. Dr. Samina Shamim,Professor Paediatric Medicine,https://apiv1.lnh.edu.pk///api/Provider/Image/180/9a3e82e8-adc9-4250-916e-e4c9fca447c4.jpg,https://www.lnh.edu.pk/doctors/detail/Samina-Shamim
Dr. Sana Khan,Specialist Dental & Maxilofacial Surgery,https://apiv1.lnh.edu.pk///api/Provider/Image/180/9b2fd936-ae1b-4cd2-ba9e-55c7af87b7c7.jpg,https://www.lnh.edu.pk/doctors/detail/Sana-Khan
Dr. Sana Khurshid,Consultant Urology,https://apiv1.lnh.edu.pk///api/Provider/Image/180/fc079507-5970-484f-a77b-117a0c1a9864.jpg,https://www.lnh.edu.pk/doctors/detail/fc079507-5970-484f-a77b-117a0c1a9864
Dr. Sarosh Rifaqat,Assistant Professor Anaesthesiology,https://apiv1.lnh.edu.pk///api/Provider/Image/180/cc573ac3-0947-4c3e-9469-d3b5978d1e1e.jpg,https://www.lnh.edu.pk/doctors/detail/Sarosh-Rifaqat
Prof. Dr. Shabbir Hussain,Professor Paediatric Surgery,https://apiv1.lnh.edu.pk///api/Provider/Image/180/40d3957e-4d83-48d7-9125-8a51ca81bf2a.jpg,https://www.lnh.edu.pk/doctors/detail/Shabbir-Hussain
Dr. Shabbir Ahmed Mallick,Assistant Professor Paediatric Medicine,https://apiv1.lnh.edu.pk///api/Provider/Image/180/879fc29d-ead7-45c2-a03f-9c4cc5331fc3.jpg,https://www.lnh.edu.pk/doctors/detail/Shabbir-Ahmed-Mallick
Dr. Shahab Javid,Assistant Professor Urology,https://apiv1.lnh.edu.pk///api/Provider/Image/180/0f4524a7-e464-42de-a783-bd7d61476578.jpg,https://www.lnh.edu.pk/doctors/detail/Shahab-Javid
Dr. Shahab Ul Hasan Siddiqui,Assistant Professor Ophthalmology,https://apiv1.lnh.edu.pk///api/Provider/Image/180/40ea1494-4032-47fd-95c3-a9da36672aad.jpg,https://www.lnh.edu.pk/doctors/detail/Shahab-ul-Hasan-Siddiqui
Dr. Shaheen Zafar,Consultant Obstetrics and Gynaecology,https://apiv1.lnh.edu.pk///api/Provider/Image/180/dca2d5ae-8328-4c53-bf3c-7876d6f15ffb.jpg,https://www.lnh.edu.pk/doctors/detail/Shaheen-Zafar
Dr. Shahid Karim,Associate Professor Gastroenterology,https://apiv1.lnh.edu.pk///api/Provider/Image/180/9efc0530-79ba-413f-8526-cbc9f09685fb.jpg,https://www.lnh.edu.pk/doctors/detail/Shahid-Karim
Dr. Shahnaz Hussaini,Consultant Obstetrics and Gynaecology,https://apiv1.lnh.edu.pk///api/Provider/Image/180/61744c63-9901-47b0-8427-54d5cb7cc8e8.jpg,https://www.lnh.edu.pk/doctors/detail/Shahnaz-Hussaini
Prof. Dr. Shakil Aqil,Professor E.N.T-Head And Neck Surgery,https://apiv1.lnh.edu.pk///api/Provider/Image/180/95b8970e-683e-499d-a67b-5bb95bc45c38.jpg,https://www.lnh.edu.pk/doctors/detail/Shakil-Aqil
Dr. Shameem Behram Khan,"Assistant Professor, Infectious Diseases Internal Medicine",https://apiv1.lnh.edu.pk///api/Provider/Image/180/6671b3e1-134d-46dc-a084-d10013f89f87.jpg,https://www.lnh.edu.pk/doctors/detail/Shameem-Behram-Khan
Dr. Shamim Kausar,"Assistant Professor, Critical Care Internal Medicine",https://apiv1.lnh.edu.pk///api/Provider/Image/180/d6224dcf-5d37-4852-9998-35762efa26bb.jpg,https://www.lnh.edu.pk/doctors/detail/Shamim-Kausar
Dr. Shanil Kadir,Assistant Professor Gastroenterology,https://apiv1.lnh.edu.pk///api/Provider/Image/180/5fdec65d-7f94-4062-aeaf-736d617cc099.jpg,https://www.lnh.edu.pk/doctors/detail/Shanil-Kadir
Prof. Dr. Sheeraz Ur Rehman,Professor General Surgery,https://apiv1.lnh.edu.pk///api/Provider/Image/180/65cd6b23-6fb3-4d1e-8606-971794e1f4c1.jpg,https://www.lnh.edu.pk/doctors/detail/Sheeraz-Ur-Rehman
Dr. Shehrum Bughio,Consultant Anaesthesiology,https://apiv1.lnh.edu.pk///api/Provider/Image/180/874445fe-3a01-41c1-9c15-336df8830e59.jpg,https://www.lnh.edu.pk/doctors/detail/Shehrum-Bughio
Dr. Sheikh Haroon Shah,"Assistant Professor,  Operative Dentistry & Endodontics Dental & Maxilofacial Surgery",https://apiv1.lnh.edu.pk///api/Provider/Image/180/7540c39b-a8ee-432d-9f2e-0a7f61efaec8.jpg,https://www.lnh.edu.pk/doctors/detail/Haroon-Shah
Dr. Sidra Rauf,Assistant Professor Internal Medicine,https://apiv1.lnh.edu.pk///api/Provider/Image/180/0781347a-65a2-406c-bcd3-4b15bdce247d.jpg,https://www.lnh.edu.pk/doctors/detail/Sidra-Rauf
Dr. Sidra Karimi,Consultant E.N.T-Head And Neck Surgery,https://apiv1.lnh.edu.pk///api/Provider/Image/180/41726c15-8f6a-41bc-90f1-8694b571fd23.jpg,https://www.lnh.edu.pk/doctors/detail/Sidra-Karimi
Ms. Sumyya Rasheed,Clinical Psychologist Mental Health,https://apiv1.lnh.edu.pk///api/Provider/Image/180/79db39e9-9ba3-4510-b191-b4a599436299.jpg,https://www.lnh.edu.pk/doctors/detail/Sumyya-Rasheed
Dr. Syed Ahmed Asif,"Head of Department , Assistant Professor Neurology",https://apiv1.lnh.edu.pk///api/Provider/Image/180/d21e6dcd-572c-4675-a5d9-68b808e84061.jpg,https://www.lnh.edu.pk/doctors/detail/Syed-Ahmed-Asif
Prof. Dr. Syed Ali Arsalan,Head of Department Chest Medicine,https://apiv1.lnh.edu.pk///api/Provider/Image/180/a77acead-3c39-4909-b91c-1e10c2fe4560.jpg,https://www.lnh.edu.pk/doctors/detail/Syed-Ali-Arsalan
Aafia Tariq Butt,General Paediatrics,https://hospitals.aku.edu/pakistan/patientservices/Lists/Faculty/Attachments/238/Aafia%20Butt.jpeg,https://hospitals.aku.edu/pakistan/patientservices/pages/profiles.aspx?ProfileID=238&Name=Aafia Tariq Butt&page=findadoctor
Aamna Nazish Iqbal,Family Medicine,https://hospitals.aku.edu/pakistan/patientservices/Lists/Faculty/Attachments/104/Slide14.JPG,https://hospitals.aku.edu/pakistan/patientservices/pages/profiles.aspx?ProfileID=104&Name=Aamna Nazish Iqbal&page=findadoctor
Aasma Naz,Speech and Occupational Therapy,https://hospitals.aku.edu/pakistan/patientservices/Lists/Faculty/Attachments/503/Asma.png,https://hospitals.aku.edu/pakistan/patientservices/pages/profiles.aspx?ProfileID=503&Name=Aasma Naz&page=findadoctor
Abdul Baqi,Cardiology,https://hospitals.aku.edu/pakistan/patientservices/Lists/Faculty/Attachments/308/Dr-Baqi.png,https://hospitals.aku.edu/pakistan/patientservices/pages/profiles.aspx?ProfileID=308&Name=Abdul Baqi&page=findadoctor
Abdul Monem,General Anaesthesia,https://hospitals.aku.edu/pakistan/patientservices/Lists/Faculty/Attachments/412/Dr%20Abdul%20Monem.jpg,https://hospitals.aku.edu/pakistan/patientservices/pages/profiles.aspx?ProfileID=412&Name=Abdul Monem&page=findadoctor
Abdul Ahad Chhotani,Emergency Medicine,https://hospitals.aku.edu/pakistan/patientservices/Lists/Faculty/Attachments/147/ahad.jpg,https://hospitals.aku.edu/pakistan/patientservices/pages/profiles.aspx?ProfileID=147&Name=Abdul Ahad Chhotani&page=findadoctor
Abdul Rehman Alvi,General Surgery,https://hospitals.aku.edu/pakistan/patientservices/Lists/Faculty/Attachments/10/Dr-Rehman-Alvi.png,https://hospitals.aku.edu/pakistan/patientservices/pages/profiles.aspx?ProfileID=10&Name=Abdul Rehman Alvi&page=findadoctor
Abdul Rehman Qureshi,Nephrology,https://hospitals.aku.edu/pakistan/patientservices/Lists/Faculty/Attachments/620/Dr-Abdul-Rehman.png,https://hospitals.aku.edu/pakistan/patientservices/pages/profiles.aspx?ProfileID=620&Name=Abdul Rehman Qureshi&page=findadoctor
Abdul Sami Memon,Ophthalmology,https://hospitals.aku.edu/pakistan/patientservices/Lists/Faculty/Attachments/151/Dr-Sami.png,https://hospitals.aku.edu/pakistan/patientservices/pages/profiles.aspx?ProfileID=151&Name=Abdul Sami Memon&page=findadoctor
Abdullah Bin Khalid,Gastroenterology,https://hospitals.aku.edu/pakistan/patientservices/PublishingImages/default_user.jpg,https://hospitals.aku.edu/pakistan/patientservices/pages/profiles.aspx?ProfileID=321&Name=Abdullah Bin Khalid&page=findadoctor
Abid Hussain Laghari,Cardiology,https://hospitals.aku.edu/pakistan/patientservices/Lists/Faculty/Attachments/307/Dr%20Abid%20Laghari.png,https://hospitals.aku.edu/pakistan/patientservices/pages/profiles.aspx?ProfileID=307&Name=Abid Hussain Laghari&page=findadoctor
Abid Ali Jamali,Paediatric Emergency,https://hospitals.aku.edu/pakistan/patientservices/Lists/Faculty/Attachments/148/abid%20jamali.jpg,https://hospitals.aku.edu/pakistan/patientservices/pages/profiles.aspx?ProfileID=148&Name=Abid Ali Jamali&page=findadoctor
Abida Khalil Sattar,Breast Surgery,https://hospitals.aku.edu/pakistan/patientservices/Lists/Faculty/Attachments/29/43.png,https://hospitals.aku.edu/pakistan/patientservices/pages/profiles.aspx?ProfileID=29&Name=Abida Khalil Sattar&page=findadoctor
Adeeba Zaki,Medical Oncology,https://hospitals.aku.edu/pakistan/patientservices/Lists/Faculty/Attachments/164/12.%20ADZK.jpg,https://hospitals.aku.edu/pakistan/patientservices/pages/profiles.aspx?ProfileID=164&Name=Adeeba Zaki&page=findadoctor
Adeel Ur Rehman,Gastroenterology,https://hospitals.aku.edu/pakistan/patientservices/PublishingImages/default_user.jpg,https://hospitals.aku.edu/pakistan/patientservices/pages/profiles.aspx?ProfileID=249&Name=Adeel Ur Rehman&page=findadoctor
Adeel Memon,Psychiatry,https://hospitals.aku.edu/pakistan/patientservices/PublishingImages/default_user.jpg,https://hospitals.aku.edu/pakistan/patientservices/pages/profiles.aspx?ProfileID=534&Name=Adeel Memon&page=findadoctor
Adil Aziz,Internal Medicine,https://hospitals.aku.edu/pakistan/patientservices/Lists/Faculty/Attachments/262/Dr-Adil-Aziz.png,https://hospitals.aku.edu/pakistan/patientservices/pages/profiles.aspx?ProfileID=262&Name=Adil Aziz&page=findadoctor
Adina Rihab Sheikh Sajjad,General Paediatrics,https://hospitals.aku.edu/pakistan/patientservices/Lists/Faculty/Attachments/222/Adnan.jpg,https://hospitals.aku.edu/pakistan/patientservices/pages/profiles.aspx?ProfileID=222&Name=Adina Rihab Sheikh Sajjad&page=findadoctor
Adnan Mirza,Paediatric Neonatology,https://hospitals.aku.edu/pakistan/patientservices/Lists/Faculty/Attachments/225/Adnan-Mirza.jpg,https://hospitals.aku.edu/pakistan/patientservices/pages/profiles.aspx?ProfileID=225&Name=Adnan Mirza&page=findadoctor
Afia Zafar,Microbiology,https://hospitals.aku.edu/pakistan/patientservices/Lists/Faculty/Attachments/461/AZ.jpg,https://hospitals.aku.edu/pakistan/patientservices/pages/profiles.aspx?ProfileID=461&Name=Afia Zafar&page=findadoctor
Afshan Abro,Physiotherapy,https://hospitals.aku.edu/pakistan/patientservices/Lists/Faculty/Attachments/493/Afshan.png,https://hospitals.aku.edu/pakistan/patientservices/pages/profiles.aspx?ProfileID=493&Name=Afshan Abro&page=findadoctor
Aftab Ahmed Qureshi,Family Medicine,https://hospitals.aku.edu/pakistan/patientservices/PublishingImages/default_user.jpg,https://hospitals.aku.edu/pakistan/patientservices/pages/profiles.aspx?ProfileID=88&Name=Aftab Ahmed Qureshi&page=findadoctor
Ahmad Nadeem Abbasi,Radiation Oncology,https://hospitals.aku.edu/pakistan/patientservices/Lists/Faculty/Attachments/175/19.%20ANAB.jpg,https://hospitals.aku.edu/pakistan/patientservices/pages/profiles.aspx?ProfileID=175&Name=Ahmad Nadeem Abbasi&page=findadoctor
Ahmed Maqsood Burq,Ophthalmology,https://hospitals.aku.edu/pakistan/patientservices/Lists/Faculty/Attachments/158/Dr-Ahmed-Barq.png,https://hospitals.aku.edu/pakistan/patientservices/pages/profiles.aspx?ProfileID=158&Name=Ahmed Maqsood Burq&page=findadoctor
Ahsan Ali Khan,Neuro Surgery,https://hospitals.aku.edu/pakistan/patientservices/Lists/Faculty/Attachments/39/63.png,https://hospitals.aku.edu/pakistan/patientservices/pages/profiles.aspx?ProfileID=39&Name=Ahsan Ali Khan&page=findadoctor
Ainan Arshad,Internal Medicine,https://hospitals.aku.edu/pakistan/patientservices/Lists/Faculty/Attachments/278/Dr-Ainan-Arshad.png,https://hospitals.aku.edu/pakistan/patientservices/pages/profiles.aspx?ProfileID=278&Name=Ainan Arshad&page=findadoctor
Aisha Ambreen,Palliative Care,https://hospitals.aku.edu/pakistan/patientservices/Lists/Faculty/Attachments/180/6.%20AAMB.jpg,https://hospitals.aku.edu/pakistan/patientservices/pages/profiles.aspx?ProfileID=180&Name=Aisha Ambreen&page=findadoctor
Aisha Khan,Paediatric Occupational Therapy,https://hospitals.aku.edu/pakistan/patientservices/Lists/Faculty/Attachments/228/Aisha.jpg,https://hospitals.aku.edu/pakistan/patientservices/pages/profiles.aspx?ProfileID=228&Name=Aisha Khan&page=findadoctor
Aisha Ilyas,Infectious Diseases,https://hospitals.aku.edu/pakistan/patientservices/Lists/Faculty/Attachments/260/Dr-Aisha-Ilyas.png,https://hospitals.aku.edu/pakistan/patientservices/pages/profiles.aspx?ProfileID=260&Name=Aisha Ilyas&page=findadoctor
Aisha Sheikh,Endocrinology,https://hospitals.aku.edu/pakistan/patientservices/Lists/Faculty/Attachments/284/Dr-Aisha-Sheikh.png,https://hospitals.aku.edu/pakistan/patientservices/pages/profiles.aspx?ProfileID=284&Name=Aisha Sheikh&page=findadoctor
Aisha Noorullah,Psychiatry,https://hospitals.aku.edu/pakistan/patientservices/Lists/Faculty/Attachments/514/Slide20.JPG,https://hospitals.aku.edu/pakistan/patientservices/pages/profiles.aspx?ProfileID=514&Name=Aisha Noorullah&page=findadoctor
Ajay Kumar,Psychiatry,https://hospitals.aku.edu/pakistan/patientservices/PublishingImages/default_user.jpg,https://hospitals.aku.edu/pakistan/patientservices/pages/profiles.aspx?ProfileID=532&Name=Ajay Kumar&page=findadoctor
Akbar Jaleel Zubairi,Orthopaedic Surgery,https://hospitals.aku.edu/pakistan/patientservices/Lists/Faculty/Attachments/47/Dr-Akbar.png,https://hospitals.aku.edu/pakistan/patientservices/pages/profiles.aspx?ProfileID=47&Name=Akbar Jaleel Zubairi&page=findadoctor
Ali Sadiq,Dentistry,https://hospitals.aku.edu/pakistan/patientservices/Lists/Faculty/Attachments/74/17.png,https://hospitals.aku.edu/pakistan/patientservices/pages/profiles.aspx?ProfileID=74&Name=Ali Sadiq&page=findadoctor
Ali Faisal Saleem,Paediatric Infectious Diseases,https://hospitals.aku.edu/pakistan/patientservices/Lists/Faculty/Attachments/202/Ali-Faisal.jpg,https://hospitals.aku.edu/pakistan/patientservices/pages/profiles.aspx?ProfileID=202&Name=Ali Faisal Saleem&page=findadoctor
Ali Shabbir Hussain,Paediatric Neonatology,https://hospitals.aku.edu/pakistan/patientservices/Lists/Faculty/Attachments/212/Ali-Shabbir.jpg,https://hospitals.aku.edu/pakistan/patientservices/pages/profiles.aspx?ProfileID=212&Name=Ali Shabbir Hussain&page=findadoctor
Ali Bin Sarwar Zubairi,Pulmonology,https://hospitals.aku.edu/pakistan/patientservices/Lists/Faculty/Attachments/316/Dr-Ali-Bin-Zubairi.png,https://hospitals.aku.edu/pakistan/patientservices/pages/profiles.aspx?ProfileID=316&Name=Ali Bin Sarwar Zubairi&page=findadoctor
Ali Sarfraz Siddiqui,Pain Medicine â€“ Anaesthesiology,https://hospitals.aku.edu/pakistan/patientservices/Lists/Faculty/Attachments/419/Dr.%20Ali%20Sarfaraz%20Siddiqui.jpg,https://hospitals.aku.edu/pakistan/patientservices/pages/profiles.aspx?ProfileID=419&Name=Ali Sarfraz Siddiqui&page=findadoctor
Aliya Ahmed,General Anaesthesia,https://hospitals.aku.edu/pakistan/patientservices/Lists/Faculty/Attachments/403/Dr.%20Aliya.jpg,https://hospitals.aku.edu/pakistan/patientservices/pages/profiles.aspx?ProfileID=403&Name=Aliya Ahmed&page=findadoctor
Aliya Begum Aziz,Obstetrics and Gynaecology,https://hospitals.aku.edu/pakistan/patientservices/Lists/Faculty/Attachments/379/Dr.%20Aliya.jpg,https://hospitals.aku.edu/pakistan/patientservices/pages/profiles.aspx?ProfileID=379&Name=Aliya Begum Aziz&page=findadoctor
Alka Rani,Histopathology,https://hospitals.aku.edu/pakistan/patientservices/Lists/Faculty/Attachments/598/AR.jpg,https://hospitals.aku.edu/pakistan/patientservices/pages/profiles.aspx?ProfileID=598&Name=Alka Rani&page=findadoctor
Altaf Ali Laghari,Neuro Surgery,https://hospitals.aku.edu/pakistan/patientservices/Lists/Faculty/Attachments/82/67.png,https://hospitals.aku.edu/pakistan/patientservices/pages/profiles.aspx?ProfileID=82&Name=Altaf Ali Laghari&page=findadoctor
Amber Sabeen,Internal Medicine,https://hospitals.aku.edu/pakistan/patientservices/PublishingImages/default_user.jpg,https://hospitals.aku.edu/pakistan/patientservices/pages/profiles.aspx?ProfileID=264&Name=Amber Sabeen&page=findadoctor
Amber Amir Ali,Speech and Occupational Therapy,https://hospitals.aku.edu/pakistan/patientservices/Lists/Faculty/Attachments/576/Amber.png,https://hospitals.aku.edu/pakistan/patientservices/pages/profiles.aspx?ProfileID=576&Name=Amber Amir Ali&page=findadoctor
Ambreen Bano,Speech and Occupational Therapy,https://hospitals.aku.edu/pakistan/patientservices/Lists/Faculty/Attachments/636/Ambreen-Bano.jpg,https://hospitals.aku.edu/pakistan/patientservices/pages/profiles.aspx?ProfileID=636&Name=Ambreen Bano&page=findadoctor
Amin Ali,General Paediatrics,https://hospitals.aku.edu/pakistan/patientservices/Lists/Faculty/Attachments/618/Dr-Amin.png,https://hospitals.aku.edu/pakistan/patientservices/pages/profiles.aspx?ProfileID=618&Name=Amin Ali&page=findadoctor
Amna Subhan Butt,Gastroenterology,https://hospitals.aku.edu/pakistan/patientservices/Lists/Faculty/Attachments/251/Dr-Amna-Subhan.png,https://hospitals.aku.edu/pakistan/patientservices/pages/profiles.aspx?ProfileID=251&Name=Amna Subhan Butt&page=findadoctor
Amna Hamid,Nephrology,https://hospitals.aku.edu/pakistan/patientservices/Lists/Faculty/Attachments/611/Dr-Amna-Hamid.png,https://hospitals.aku.edu/pakistan/patientservices/pages/profiles.aspx?ProfileID=611&Name=Amna Hamid&page=findadoctor
Anam Khan,Radiology,https://hospitals.aku.edu/pakistan/patientservices/PublishingImages/default_user.jpg,https://hospitals.aku.edu/pakistan/patientservices/pages/profiles.aspx?ProfileID=535&Name=Anam Khan&page=findadoctor
Aneela Darbar,Neuro Surgery,https://hospitals.aku.edu/pakistan/patientservices/PublishingImages/default_user.jpg,https://hospitals.aku.edu/pakistan/patientservices/pages/profiles.aspx?ProfileID=58&Name=Aneela Darbar&page=findadoctor
Anum Aziz,Obstetrics and Gynaecology,https://hospitals.aku.edu/pakistan/patientservices/Lists/Faculty/Attachments/585/Dr.%20Anum.jpg,https://hospitals.aku.edu/pakistan/patientservices/pages/profiles.aspx?ProfileID=585&Name=Anum Aziz&page=findadoctor
Anwar Suhail,ENT (Otolaryngology),https://hospitals.aku.edu/pakistan/patientservices/PublishingImages/default_user.jpg,https://hospitals.aku.edu/pakistan/patientservices/pages/profiles.aspx?ProfileID=53&Name=Anwar Suhail&page=findadoctor
Anwar Ahmed,Radiology,https://hospitals.aku.edu/pakistan/patientservices/PublishingImages/default_user.jpg,https://hospitals.aku.edu/pakistan/patientservices/pages/profiles.aspx?ProfileID=536&Name=Anwar Ahmed&page=findadoctor
Areej Ameen,Speech and Occupational Therapy,https://hospitals.aku.edu/pakistan/patientservices/Lists/Faculty/Attachments/639/Areej_Ameen.jpg,https://hospitals.aku.edu/pakistan/patientservices/pages/profiles.aspx?ProfileID=639&Name=Areej Ameen&page=findadoctor
Arif Mateen,Paediatric Surgery,https://hospitals.aku.edu/pakistan/patientservices/Lists/Faculty/Attachments/11/Dr-Arif.png,https://hospitals.aku.edu/pakistan/patientservices/pages/profiles.aspx?ProfileID=11&Name=Arif Mateen&page=findadoctor
Armeen Umer Godil,Clinical Psychology,https://hospitals.aku.edu/pakistan/patientservices/PublishingImages/default_user.jpg,https://hospitals.aku.edu/pakistan/patientservices/pages/profiles.aspx?ProfileID=518&Name=Armeen Umer Godil&page=findadoctor
Arshalooz Jamila Rahman,General Paediatrics,https://hospitals.aku.edu/pakistan/patientservices/Lists/Faculty/Attachments/197/Arshalooz.jpg,https://hospitals.aku.edu/pakistan/patientservices/pages/profiles.aspx?ProfileID=197&Name=Arshalooz Jamila Rahman&page=findadoctor
Asad Latif,General Anaesthesia,https://hospitals.aku.edu/pakistan/patientservices/Lists/Faculty/Attachments/398/Dr%20Asad%20Latif.jpg,https://hospitals.aku.edu/pakistan/patientservices/pages/profiles.aspx?ProfileID=398&Name=Asad Latif&page=findadoctor
Asghar Nasir,Molecular Pathology,https://hospitals.aku.edu/pakistan/patientservices/Lists/Faculty/Attachments/475/AN.jpg,https://hospitals.aku.edu/pakistan/patientservices/pages/profiles.aspx?ProfileID=475&Name=Asghar Nasir&page=findadoctor
Asghar Javaid,Microbiology,https://hospitals.aku.edu/pakistan/patientservices/PublishingImages/default_user.jpg,https://hospitals.aku.edu/pakistan/patientservices/pages/profiles.aspx?ProfileID=477&Name=Asghar Javaid&page=findadoctor
